,y-axis,x-axis
6,-13.31,0
11,112.06,2
17,35.93,4
26,83.46,6
33,48.93,8
39,58.31999999999999,10
46,186.89,12
54,115.63999999999999,14
62,80.49,16
67,34.68,18
76,17.4,20
81,23.909999999999997,22
90,71.67,24
96,66.42999999999999,26
104,34.839999999999996,28
110,100.25,30
117,82.1,32
125,54.2,34
132,61.75999999999999,36
139,101.31,38
145,85.78999999999999,40
150,19.239999999999995,42
160,1.5199999999999996,44
167,-16.57,46
174,-13.68,48
