,y-axis,x-axis
4555,-13.31,0
4563,47.559999999999995,2
4568,181.16,4
4576,135.35999999999999,6
4582,165.15,8
4589,218.41,10
4598,168.15,12
4603,131.8,14
4610,55.56999999999999,16
4618,62.31,18
4622,37.699999999999996,20
4633,54.120000000000005,22
4638,57.31999999999999,24
4642,66.39,26
4651,93.89999999999999,28
4655,119.69999999999999,30
4666,117.66999999999999,32
4674,150.73,34
4681,142.41,36
4687,111.08,38
4694,99.39,40
4701,86.23,42
4709,82.64999999999999,44
4717,96.23,46
4723,114.93,48
